Middle east,
Bryncroes,
Rhondda Fach,
Basque provinces,
north Wales,
Northern Ireland,
Gilfach Goch,
Blarney Castle,
Central Asia,
Strata Florida,
West Indies,
south Wales,
Pacific ocean,
Blaenau Ffestiniog,
Black Mountains,
Frongoch,
Aland islands,
Aberaman,
Parys Mountain,
Basque Country,
Fjaltring,
Rio de Janeiro,
Ebbw Vale,
San Francisco,
Sri Lanka,
Merthyr Tudfil,
Basque Provinces,
New Brunswick,
San Sebastian,
Great Britain,
Snowdonia,
Dulas Valley,
Washington DC,
Llanwrtyd Wells,
Faroe Islands,
Afan valley,
Llanelidan,
British Columbia,
Gaza,
Holy Well,
Glanusk,
Grand Canyon,
Port Madryn,
Minnesota,
New Zealand,
South Downs,
Llwynypiod,
National Museum of Wales,
St Petersburg,
Los Angeles,
Colorado River,
Sacramento River,
American River,
Soviet Union,
United Kingdom,
Nottingham Lake Garda,
Russell Square,
Oriel Myrddin,
Mountain Ash,
Llanfihangel Tre's Beirdd,
Tregroes,
Hong Kong,
Nant y Moch,
Wallog,
Ynys Llanddwyn,
Gelli Aur Country Park,
HMP Cardiff,
St Just-in-Penwith,
Powys, Texas,
Trafalgar Square,
Nant Ffrancon,
Glyder Fach,
Mexico City,
Ynys Mon,
RAF Valley,
Newtown, Powys,
Durham,
Yr Eifl,
Milford Haven,
South Hook,
Colwyn Bay,
San Marino,
Mount Ararat,
Maelor,
Harlan County, Kentucky,
Rhondda Fawr,
Llwyncelyn,
South Pembrokeshire,
Swansea Valley,
Tahrir Square,
Taff Embankment,
San Fransisco,
Maida Vale,
Canton,
Cathays,
Brandy Cove,
University of Texas,
Tiger Bay,
Drefach Felindre,
Llanwern,
Dolanog,
Chepstow to Sudbrook,
Ceredigion Museum,
Sahuarita, Arizona,
Little Rock, Arkansas,
Rhondda Cynon Taf,
Blaenau Gwent,
St Athan,
Serra de Capivara National Park,
Inotim,
Minas Gerais,
Aberystwyth to Ynyslas,
Llanrhystud,
Westminster Abbey,
Ffair Rhos,
Ystumtuen,
Big Hole of Kimberley,
Northen Cape Province,
Pontcysyllte,
Dyfi Biosphere,
Saudi Arabia,
North Korea,
Rhondda,
Penmon,
Syracuse, NY,
Cardigan Bridge,
Ynyslas,
Elephant and Castle,
St Ives, Cambridgeshire,
Penbryn,m Pembrokeshire,
Hinkley Point,
Banda Aceh,
Mametz Wood,
Liverpool Street,
Falkland Islands,
Welsh Assembly,
Flint Cottage Hospital,
Withybush Hospital,
Royal Glamorgan Hospital,
Aberystwyth University,
National LIbrary of Wales,
Preseli Hills,
Stumble head,
Merthyr Common,
Odisha, India,
St. Just-in-Penwith,
Taff Bargoed,
Cynon Valley,
St John's Chuch, Barmouth,
Pwll Swll,
Merthyr Mawr,
Aberystwyth Arts Centre,
Cardiff, Cape Verde,
National Museum, Cardiff,
West Bengal,
